{
    "K": [
        607.737060546875,
        0.0,
        330.1333923339844,
        0.0,
        607.473876953125,
        250.61337280273438,
        0.0,
        0.0,
        1.0
    ],
    "header": {
        "stamp": 1764586918.82967,
        "frame_id": "camera_color_optical_frame"
    }
}